{"centro_titularidad":"PRIVADO CONCERTADO","promedio_x":440264.7489361702,"promedio_y":4474293.580851064,"x0":0.0,"y0":0.0,"distancia":"4495902.144931634"}
